year,make,model,cond,mileage,price
2020,Toyota,4Runner SR5 Premium,Used,17295,44943
2020,Toyota,4Runner SR5 Premium,Used,29002,42357
2019,Toyota,Tundra SR5,Used,38604,41539
2018,Toyota,Prius Four,Used,46484,22450
2018,Toyota,4Runner Limited,Used,56375,42555
2019,Toyota,Highlander XLE,Toyota Certified,11490,41787
2020,Toyota,4Runner SR5 Premium,Used,58116,39989
2021,Toyota,Tacoma SR,Used,17517,36000
2017,Toyota,Corolla LE,Used,40997,18955
2018,Toyota,4Runner Limited,Toyota Certified,19925,41982
2021,Toyota,4Runner TRD Off Road Premium,Used,12868,52995
2019,Toyota,Highlander Limited,Used,11152,40989
2020,Toyota,4Runner SR5,Used,14141,43950
2021,Toyota,Tacoma Limited,Used,16925,47500
2015,Toyota,4Runner SR5 Premium,Used,142009,26992
2017,Toyota,Corolla LE,Used,44335,21999
2016,Toyota,4Runner Limited,Toyota Certified,65233,38455
2021,Toyota,4Runner TRD Off Road Premium,Toyota Certified,16531,49974
2014,Toyota,Land Cruiser V8,Used,202057,38998
2020,Toyota,Avalon XSE,Used,27354,37695
2021,Toyota,Tundra SR5,Used,2729,51995
2019,Toyota,Tundra SR5,Used,39301,42800
2018,Toyota,RAV4 XLE,Used,18879,29491
2016,Toyota,Tundra SR5,Used,75476,32999
2021,Toyota,Tundra SR5,Used,10125,51494
2020,Toyota,Avalon XSE,Toyota Certified,27126,38990
2017,Toyota,RAV4 Hybrid SE,Used,78373,25500
2017,Toyota,RAV4 LE,Toyota Certified,45281,24992
2019,Toyota,Tundra SR5,Used,45422,33914
2015,Toyota,Land Cruiser V8,Used,86837,59495
2004,Toyota,4Runner SR5,Used,247301,7995
2020,Toyota,4Runner SR5 Premium,Toyota Certified,30211,45995
2019,Toyota,Tundra SR5,Used,16481,43999
2019,Toyota,Tacoma TRD Off Road,Used,24164,34000
2016,Toyota,Land Cruiser V8,Toyota Certified,53927,71888
2018,Toyota,RAV4 LE,Used,22014,21995
2021,Toyota,RAV4 Prime SE,Toyota Certified,409,57844
2019,Toyota,4Runner TRD Pro,Used,33224,52498
2020,Toyota,4Runner TRD Off Road Premium,Used,14141,48807
2020,Toyota,4Runner Limited,Toyota Certified,19278,53000
2016,Toyota,Highlander XLE,Used,101337,26920
2019,Toyota,Camry SE,Used,21719,26988
2015,Toyota,4Runner Limited,Used,134909,31900
2020,Toyota,RAV4 XLE,Used,11488,27998
2020,Toyota,4Runner Limited,Used,20871,48650
2016,Toyota,Tundra Platinum,Used,75649,38993
2021,Toyota,Tundra SR5,Used,15771,53990
2018,Toyota,RAV4 LE,Used,23746,26491
2019,Toyota,Camry XSE,Used,32999,34995
2021,Toyota,Tundra SR5,Used,10484,51717
2019,Toyota,RAV4 Limited,Toyota Certified,15081,38995
2021,Toyota,Supra 3.0,Used,11238,55785
2019,Toyota,C-HR LE,Toyota Certified,65422,24988
2006,Toyota,4Runner SR5,Used,131273,14900
2020,Toyota,Tundra SR5,Used,31351,46999
2017,Toyota,Camry SE,Used,66836,19500
2019,Toyota,Highlander ,Used,32284,41464
2017,Toyota,Sienna Limited,Used,79700,27995
2021,Toyota,4Runner TRD Pro,Toyota Certified,17823,68988
2016,Toyota,Highlander XLE,Used,65593,31495
2020,Toyota,Supra 3.0 Premium,Used,23774,54555
2019,Toyota,Tacoma SR5,Toyota Certified,23293,36900
2005,Toyota,Land Cruiser V8,Used,203633,14999
2015,Toyota,Prius c Four,Used,98911,13750
2020,Toyota,Corolla LE,Used,17367,20817
2017,Toyota,RAV4 Hybrid XLE,Used,46321,23498
2018,Toyota,Corolla XLE,Used,35962,14500
2018,Toyota,Highlander XLE,Used,25625,36245
2018,Toyota,RAV4 LE,Used,27178,21995
2020,Toyota,Sienna XLE,Used,49233,37433
2013,Toyota,Highlander Limited,Used,51343,27797
2008,Toyota,Highlander Limited,Used,151788,13750
2021,Toyota,4Runner TRD Off Road,Toyota Certified,17776,38438
2020,Toyota,RAV4 Hybrid XLE,Used,14331,39400
2016,Toyota,Land Cruiser V8,Used,54167,68900
2009,Toyota,Land Cruiser V8,Used,110983,36991
2018,Toyota,RAV4 LE,Used,12154,28000
2019,Toyota,Tundra SR5,Used,24954,46499
2019,Toyota,Tundra SR5,Used,24042,48598
2019,Toyota,Tacoma SR5,Used,21086,39477
2019,Toyota,4Runner SR5 Premium,Toyota Certified,35176,45883
2021,Toyota,Highlander L,Used,10143,37694
2019,Toyota,Corolla LE,Used,43328,18499
2018,Toyota,Camry XSE,Used,71000,29526
2018,Toyota,RAV4 Limited,Toyota Certified,43498,33997
2013,Toyota,4Runner SR5,Used,201633,19698
2020,Toyota,Sienna XLE,Used,13785,44440
2003,Toyota,4Runner SR5,Used,138739,8950
2017,Toyota,RAV4 Hybrid Limited,Used,33036,28989
2006,Toyota,4Runner Sport,Used,202169,10498
2016,Toyota,Tundra SR5,Toyota Certified,69688,32910
2019,Toyota,Tacoma TRD Off Road,Used,34268,40500
2019,Toyota,Highlander XLE,Used,43367,38889
2019,Toyota,Highlander XLE,Used,42292,39990
2020,Toyota,4Runner TRD Off Road Premium,Used,26065,48399
2013,Toyota,Sequoia Limited,Used,91450,28500
2019,Toyota,Camry LE,Toyota Certified,30519,25946
2019,Toyota,Tacoma TRD Off Road,Used,21270,42349
2018,Toyota,Highlander SE,Used,64123,34655
2021,Toyota,Camry SE,,13390,31150
2021,Toyota,Supra 3.0 Premium,,7348,58981
2019,Toyota,Sequoia Platinum,,55121,51999
2019,Toyota,Camry SE,,49126,25689
2017,Toyota,Highlander Limited,,84621,31591
2021,Toyota,Supra 3.0,,25990,55800
2013,Toyota,Land Cruiser V8,,13430,61000
2019,Toyota,Camry SE,,49550,25493
2019,Toyota,Camry SE,,16794,29791
2017,Toyota,Corolla LE,,49752,13899
2017,Toyota,Highlander Limited,,53767,33958
2019,Toyota,Sequoia Platinum,,54668,57999
2019,Toyota,Camry SE,,27100,27292
2020,Toyota,RAV4 LE,,49234,28989
2019,Toyota,Highlander XLE,,18137,41588
2016,Toyota,4Runner Limited,,80825,32797
2019,Toyota,Camry LE,,47205,23169
2021,Toyota,Supra 3.0 Premium,,3758,62998
2015,Toyota,Highlander Limited Platinum,,64062,23444
2019,Toyota,Corolla LE,,47337,17980
2019,Toyota,Camry XSE,,29426,38988
2016,Toyota,Highlander Limited Platinum,,62598,29446
2012,Toyota,Highlander Limited,,168092,16485
2019,Toyota,Camry XSE,,18142,32367
2021,Toyota,RAV4 Hybrid XSE,,33585,41900
2018,Toyota,RAV4 Limited,,30020,28459
2016,Toyota,4Runner Limited,,81870,35980
2019,Toyota,Tundra SR5,,21338,38200
2019,Toyota,Highlander LE,,57116,30989
2017,Toyota,Highlander Limited,,17313,37000
2019,Toyota,Camry XSE,,32441,31988
2019,Toyota,Highlander ,,18443,39602
2019,Toyota,Highlander XLE,,18645,40888
2016,Toyota,Highlander XLE,,82539,28500
2019,Toyota,RAV4 XLE Premium,,36286,34809
2019,Toyota,Highlander XLE,,19918,40888
2014,Toyota,Highlander XLE,,48367,24992
2016,Toyota,4Runner Limited,,67321,35389
2017,Toyota,Sienna XLE,,52941,30683
2013,Toyota,Land Cruiser V8,,49630,55100
2021,Toyota,Supra 3.0,,4121,56500
2019,Toyota,Camry SE,,49549,18900
2015,Toyota,Land Cruiser V8,,105776,52988
2018,Toyota,Tundra SR5,,15757,42500
2018,Toyota,Camry XSE,,28543,30486
2018,Toyota,Highlander XLE,,20501,37729
2018,Toyota,RAV4 XLE,,50325,27191
2019,Toyota,Camry SE,,50902,21898
2019,Toyota,Tacoma SR,,23263,30995
2017,Toyota,Sienna XLE,,33342,38811
2018,Toyota,RAV4 XLE,,56960,27750
2008,Toyota,Camry Solara SE,,34950,13788
2021,Toyota,Supra 3.0,,5628,58879
2017,Toyota,Corolla LE,,33178,19999
2018,Toyota,Highlander XLE,,32825,38950
2017,Toyota,Camry XLE,,25189,22900
2017,Toyota,RAV4 LE,,74460,18992
2017,Toyota,RAV4 LE,,68350,23891
2011,Toyota,Avalon Limited,,88057,14391
2017,Toyota,Prius Two,,45968,18995
2011,Toyota,Prius IV,,110209,11995
2018,Toyota,4Runner Limited,,34722,47134
2015,Toyota,Highlander Hybrid Limited,,102475,27990
2012,Toyota,Highlander SE,,114073,17486
2008,Toyota,Land Cruiser ,,102702,36250
2016,Toyota,4Runner SR5,,49732,34664
2021,Toyota,RAV4 Hybrid XSE,,596,43500
2017,Toyota,Highlander Hybrid Limited,,35217,41488
2020,Toyota,RAV4 XLE Premium,,13013,38994
2019,Toyota,Highlander XLE,,29894,39800
2015,Toyota,RAV4 LE,,62879,16995
2013,Toyota,RAV4 XLE,,150432,14999
2020,Toyota,RAV4 XLE Premium,,5462,35802
2020,Toyota,Land Cruiser Heritage Edition,,25727,101500
2014,Toyota,Prius Five,,76322,9995
2020,Toyota,Camry SE,,24899,27998
2016,Toyota,Highlander Limited,,71502,27885
2018,Toyota,Highlander XLE,,23935,41900
2014,Toyota,Land Cruiser V8,,91651,48950
2014,Toyota,Tacoma PreRunner,,69692,15888
2019,Toyota,4Runner Limited Nightshade,,30289,47990
2018,Toyota,Tacoma SR5,,34358,37139
2018,Toyota,Highlander XLE,,45830,32987
2020,Toyota,RAV4 XLE Premium,,20423,44995
2015,Toyota,4Runner Limited,,60423,37800
2019,Toyota,Camry SE,,91140,21400
2009,Toyota,Land Cruiser V8,,107614,36900
2020,Toyota,Tundra Platinum,,14789,55990
2017,Toyota,Sienna XLE,,90730,26490
2002,Toyota,Tacoma PreRunner,,273500,9800
2017,Toyota,RAV4 XLE,,55043,25706
2011,Toyota,Highlander Limited,,105875,17995
2018,Toyota,RAV4 Limited,,41960,31900
2020,Toyota,Tundra SR5,,15994,47990
2021,Toyota,Land Cruiser Base,,9383,119855
2019,Toyota,Highlander Hybrid Limited Platinum,,27478,43900
2017,Toyota,Corolla LE,,76947,13990
2016,Toyota,Tacoma SR5,,68814,29229
2018,Toyota,Highlander XLE,,52686,36888
2015,Toyota,RAV4 Limited,,88398,21997
2018,Toyota,Camry LE,,23341,23950
2019,Toyota,Highlander XLE,,31471,39835
2021,Toyota,Camry XSE,,22640,36991
2018,Toyota,Highlander LE,,85179,31995
2020,Toyota,Highlander XLE,,34973,40552
2018,Toyota,RAV4 Hybrid Limited,,14968,37997
2017,Toyota,Tundra 1794,,65178,44987
2017,Toyota,RAV4 XLE,,36162,24500
2019,Toyota,RAV4 XLE Premium,,49714,36356
2019,Toyota,Camry XSE,,53673,32953
2017,Toyota,RAV4 LE,,26500,26999
2012,Toyota,Highlander Limited,,134389,18998
2008,Toyota,4Runner Limited,,122000,17900
2016,Toyota,Highlander Limited,,61239,31988
2013,Toyota,Land Cruiser V8,,112456,44990
2012,Toyota,4Runner SR5,,160778,19995
2018,Toyota,RAV4 XLE,,46789,26245
2019,Toyota,Camry Hybrid SE,,17094,29744
2018,Toyota,Tacoma TRD Sport,,15729,39786
2019,Toyota,Highlander LE,,41261,32339
2019,Toyota,Camry SE,,15883,23995
2020,Toyota,Camry SE,,29899,26492
2020,Toyota,Corolla SE,,26076,24992
2018,Toyota,Highlander XLE,,46042,34354
2019,Toyota,Camry LE,,47369,21905
2019,Toyota,Avalon Hybrid Limited,,13144,34962
2018,Toyota,RAV4 XLE,,10493,25995
2019,Toyota,Corolla LE,,29990,18490
2019,Toyota,Camry XSE,,13313,35490
2019,Toyota,Tacoma SR,,44364,19450
2013,Toyota,Land Cruiser V8,,71937,54990
2018,Toyota,Camry SE,,34746,27399
2019,Toyota,Prius Prime Plus,,25803,26999
2018,Toyota,Highlander XLE,,60450,36929
2019,Toyota,Highlander XLE,,25987,38995
2019,Toyota,Camry SE,,43819,24990
2021,Toyota,Supra 3.0,,5404,54885
2018,Toyota,Highlander Hybrid LE,,33373,34980
2011,Toyota,FJ Cruiser Base,,81089,32874
2019,Toyota,Corolla LE,,50151,21998
2009,Toyota,Camry ,,166589,7525
2019,Toyota,Highlander XLE,,34414,39539
2019,Toyota,Highlander XLE,,11988,39015
2018,Toyota,Tacoma SR5,,50988,38482
2002,Toyota,Land Cruiser ,,293420,9988
2020,Toyota,Camry XSE,,67884,26873
2019,Toyota,Camry XLE,,6108,34000
2018,Toyota,4Runner Limited,,38908,44073
2012,Toyota,Highlander SE,,130540,17888
2018,Toyota,Camry SE,,47951,24399
2013,Toyota,Highlander Hybrid Limited,,147827,17600
2018,Toyota,RAV4 LE,,32770,24308
2020,Toyota,Tundra Platinum,,9954,56998
2019,Toyota,Highlander XLE,,58811,38099
2017,Toyota,RAV4 LE,,75228,22965
2019,Toyota,Highlander XLE,,21481,40947
2018,Toyota,RAV4 LE,,27312,30991
2018,Toyota,Tacoma SR5,,41335,37950
2018,Toyota,Camry XLE,,46200,26987
2018,Toyota,RAV4 Limited,,19010,30791
2018,Toyota,4Runner Limited,,48373,39973
2019,Toyota,Highlander XLE,,28717,39997
2019,Toyota,Camry XSE,,31284,31525
2020,Toyota,4Runner Limited,,18752,50550
2018,Toyota,4Runner Limited,,38092,46288
2020,Toyota,4Runner SR5,,49800,36650
2020,Toyota,Camry SE,,18766,28500
2021,Toyota,Land Cruiser ,,8609,122755
2017,Toyota,Highlander Hybrid Limited,,55953,37998
2018,Toyota,Mirai Base,,34610,19999
2019,Toyota,Corolla LE,,12068,20490
2020,Toyota,Corolla LE,,22689,22880
2017,Toyota,Camry XLE,,67000,21713
2016,Toyota,4Runner Limited,,81015,38048
2016,Toyota,4Runner Limited,,43395,40999
2021,Toyota,Sienna LE,,3466,48995
2013,Toyota,Highlander Limited,,105708,20998
2018,Toyota,RAV4 Limited,,42954,29715
2018,Toyota,Tundra SR5,,63325,37100
2020,Toyota,C-HR LE,,30453,27988
2016,Toyota,Camry SE,,48937,20995
2021,Toyota,RAV4 LE,,9653,32995
2020,Toyota,Camry SE,,14897,28744
2014,Toyota,FJ Cruiser Base,,63301,38909
2019,Toyota,Highlander XLE,,12298,38996
2020,Toyota,Corolla Hybrid LE,,60084,24595
2021,Toyota,Sienna LE,,23102,41455
2016,Toyota,Tundra Limited,,70400,24995
2004,Toyota,4Runner SR5,,200439,9500
2012,Toyota,Highlander Limited,,118634,18998
2020,Toyota,Camry XSE,,25738,32998
2020,Toyota,4Runner Limited,,33576,47500
2018,Toyota,4Runner Limited,,39728,47494
2007,Toyota,Tundra Limited,,152511,14900
2018,Toyota,Highlander XLE,,37955,34798
2014,Toyota,Highlander Limited,,95505,24950
2018,Toyota,RAV4 XLE,,16911,29135
2018,Toyota,Tundra SR5,,58490,33427
2012,Toyota,Tundra Limited,,147033,21990
2011,Toyota,Camry ,,64108,12000
2010,Toyota,Corolla LE,,91839,12680
2010,Toyota,Highlander ,,114163,13985
2020,Toyota,Corolla LE,,15680,19995
2017,Toyota,Prius Two,,73648,20248
2015,Toyota,4Runner Limited,,62500,39998
2019,Toyota,Highlander Limited Platinum,,16592,43998
2019,Toyota,RAV4 XLE,,25517,32739
2019,Toyota,Highlander XLE,,56100,36990
2019,Toyota,4Runner SR5,,68705,36500
2018,Toyota,RAV4 XLE,,30351,27995
2019,Toyota,Tacoma TRD Pro,,19878,47974
2015,Toyota,Tundra SR5,,53814,40950
2018,Toyota,RAV4 SE,,19359,31500
2018,Toyota,RAV4 Limited,,29837,31112
2020,Toyota,Tundra SR5,,18149,53957
2019,Toyota,Highlander XLE,,62057,40256
2016,Toyota,Camry SE,,79686,18221
2021,Toyota,RAV4 Hybrid XLE Premium,,4810,38990
2019,Toyota,Prius LE,,48973,26397
2009,Toyota,Camry XLE,,149506,7994
2016,Toyota,Tundra SR5,,65059,29398
2019,Toyota,Tacoma SR,,35008,27999
2013,Toyota,Land Cruiser V8,,121453,42000
2018,Toyota,Highlander XLE,,21973,36891
2018,Toyota,Prius Prime Advanced,,42919,27980
2020,Toyota,Tundra SR5,,15223,47480
2019,Toyota,RAV4 Limited,,34975,39474
2020,Toyota,Tundra SR5,,19482,44777
2020,Toyota,Tundra SR5,,35428,42315
2019,Toyota,Tacoma SR,,38750,25785
2018,Toyota,Highlander Limited,,27989,29890
2020,Toyota,Tundra SR5,,16408,50992
2018,Toyota,4Runner SR5 Premium,,37957,39361
2018,Toyota,RAV4 Limited,,14736,31700
2017,Toyota,4Runner Limited,,88252,39398
2019,Toyota,4Runner Limited,,17484,49784
2018,Toyota,RAV4 XLE,,35102,28982
2019,Toyota,RAV4 XLE,,12489,31499
2019,Toyota,Corolla LE,,38310,19966
2019,Toyota,Highlander Limited,,34502,39424
2021,Toyota,Sienna LE,,11707,40500
2020,Toyota,Tacoma TRD Off Road,,20147,44786
2017,Toyota,Highlander Limited Platinum,,78694,35094
2018,Toyota,RAV4 XLE,,28633,28795
2018,Toyota,RAV4 Limited,,21384,29495
2017,Toyota,4Runner Limited,,48827,38999
2019,Toyota,Camry SE,,47500,26994
2020,Toyota,RAV4 Hybrid Limited,,31967,41900
2018,Toyota,RAV4 XLE,,39923,26319
2019,Toyota,Avalon XLE Touring,,36868,38000
2020,Toyota,RAV4 XLE,,15405,33874
2020,Toyota,4Runner Limited,,12086,52895
2018,Toyota,4Runner Limited,,34824,44900
2021,Toyota,Corolla LE,,13089,23699
2016,Toyota,RAV4 Hybrid Limited,,35473,28415
2018,Toyota,RAV4 XLE,,48188,23690
2018,Toyota,RAV4 Hybrid Limited,,31237,33991
2018,Toyota,Highlander Limited,,35367,38200
2012,Toyota,Highlander Limited,,117136,19995
2018,Toyota,Tacoma SR5,,44818,33494
2020,Toyota,RAV4 XLE,,21617,35457
2015,Toyota,Prius Two,,109590,14335
2018,Toyota,RAV4 Limited,,88542,29688
2010,Toyota,Tundra ,,220022,9499
2017,Toyota,Highlander Limited,,57631,33487
2020,Toyota,Corolla SE,,23105,25992
2019,Toyota,Corolla LE,,20214,20290
2020,Toyota,Camry SE,,22253,29998
2018,Toyota,4Runner Limited,,19511,47541
2015,Toyota,RAV4 LE,,51936,21950
2016,Toyota,Camry SE,,64726,19634
2018,Toyota,Highlander Hybrid Limited,,56757,41680
2019,Toyota,Camry SE,,31149,25408
2017,Toyota,Tundra SR5,,47766,40995
2018,Toyota,Tundra Platinum,,16444,54790
2020,Toyota,RAV4 XLE,,44129,27894
2016,Toyota,Camry SE,,61192,18999
2018,Toyota,Camry SE,,45208,21277
2020,Toyota,Highlander Limited,,16238,46296
2020,Toyota,RAV4 XLE,,48031,31990
2017,Toyota,RAV4 LE,,73248,21499
2018,Toyota,RAV4 XLE,,20805,34734
2014,Toyota,Highlander Hybrid Limited,,81700,25500
2013,Toyota,Highlander Limited,,98011,22491
2020,Toyota,Corolla LE,,47452,19075
2017,Toyota,RAV4 Limited,,30041,31999
2021,Toyota,Supra 3.0,,3977,60995
2021,Toyota,Corolla LE,,14718,25475
2015,Toyota,Camry SE,,62467,16888
2014,Toyota,RAV4 Limited,,69240,22591
2017,Toyota,RAV4 Hybrid Limited,,47584,31682
2015,Toyota,RAV4 XLE,,109001,20000
2019,Toyota,Sienna XLE,,83011,30740
2020,Toyota,Highlander XLE,,60101,38159
2017,Toyota,RAV4 LE,,10020,25156
2020,Toyota,RAV4 LE,,18810,32995
2021,Toyota,4Runner SR5 Premium,,8930,49701
2019,Toyota,4Runner Limited,,48642,49158
2007,Toyota,Tundra SR5,,116665,13999
2020,Toyota,Camry SE,,13941,27895
2016,Toyota,Prius Two Eco,,49284,16995
2011,Toyota,Avalon Limited,,105761,14280
2019,Toyota,Corolla LE,,58601,18998
2020,Toyota,Corolla LE,,30221,21900
2019,Toyota,4Runner TRD Off Road Premium,,18655,49998
2018,Toyota,RAV4 Limited,,22201,30642
2017,Toyota,Tundra ,,57308,41995
2006,Toyota,4Runner Sport,,232537,10260
2019,Toyota,Highlander XLE,,21011,38691
2020,Toyota,Tundra SR5,,17475,46550
2021,Toyota,Supra 3.0,,12133,61991
2017,Toyota,Camry SE,,82838,21528
2015,Toyota,RAV4 LE,,63480,21499
2018,Toyota,Highlander XLE,,35700,37990
2020,Toyota,RAV4 LE,,47027,27975
2021,Toyota,Sienna ,,14687,55999
2018,Toyota,4Runner Limited,,34505,42713
2007,Toyota,Tacoma Double Cab,,173723,14485
2014,Toyota,Tacoma Base,,89304,34491
2019,Toyota,RAV4 Limited,,30936,43995
2004,Toyota,Highlander Limited,,175149,6995
2021,Toyota,Highlander Platinum,,2918,50191
2018,Toyota,4Runner SR5 Premium,,62599,39987
2021,Toyota,Tundra SR,,15559,38981
2020,Toyota,C-HR LE,,16785,29995
2018,Toyota,RAV4 LE,,14344,27955
2020,Toyota,RAV4 LE,,13944,31000
2021,Toyota,Highlander Platinum,,14145,51990
2019,Toyota,Camry SE,,20065,28898
2017,Toyota,Highlander LE Plus,,63516,29950
2016,Toyota,Avalon XLE Premium,,110856,18771
2017,Toyota,Highlander Limited Platinum,,38345,38487
2013,Toyota,4Runner SR5,,152640,21991
2017,Toyota,Camry SE,,110930,17993
2019,Toyota,RAV4 Limited,,37672,33991
2019,Toyota,Highlander XLE,,43899,38972
2021,Toyota,RAV4 XLE,,14863,35200
2013,Toyota,Highlander Limited,,48111,23982
2013,Toyota,Tundra Grade,,218460,9995
2019,Toyota,Camry XSE,,31788,29984
2020,Toyota,Highlander Limited,,45194,44125
2017,Toyota,RAV4 LE,,46983,23999
2018,Toyota,Tacoma TRD Sport,,19959,36000
2018,Toyota,Camry SE,,25141,25999
2020,Toyota,Camry SE,,21370,27595
2019,Toyota,RAV4 Limited,,31634,38790
2013,Toyota,Land Cruiser V8,,85527,54975
2020,Toyota,Tundra SR5,,33022,43345
2020,Toyota,RAV4 XLE,,30020,33591
2016,Toyota,Highlander XLE,,66778,28991
2014,Toyota,Highlander Limited,,104806,23377
2012,Toyota,Camry LE,,76077,15000
2019,Toyota,Highlander Hybrid Limited,,17424,45500
2018,Toyota,4Runner Limited,,39512,43987
2015,Toyota,4Runner Limited,,111355,28995
2019,Toyota,Corolla SE,,49039,21995
2018,Toyota,Highlander Hybrid XLE,,14795,41950
2019,Toyota,Camry XSE,,22133,35497
2019,Toyota,RAV4 XLE,,20319,32508
2018,Toyota,RAV4 LE,,37886,25689
2014,Toyota,Sienna XLE,,92839,20989
2015,Toyota,Sequoia Platinum,,91857,39199
2019,Toyota,Camry LE,,21903,28999
2017,Toyota,Camry LE,,66030,19599
2017,Toyota,Highlander Limited Platinum,,30126,37999
2017,Toyota,Highlander Limited Platinum,,31331,37523
2014,Toyota,Tacoma Base,,35000,22995
2018,Toyota,Tacoma SR5,,16199,29990
2018,Toyota,RAV4 XLE,,55197,26581
2017,Toyota,RAV4 Hybrid Limited,,37508,29992
2021,Toyota,Tundra SR5,,19656,51995
2012,Toyota,Highlander Limited,,144797,16995
2019,Toyota,4Runner Limited,,18603,44363
2020,Toyota,Tacoma TRD Sport,,16037,40000
2020,Toyota,4Runner Limited,,19331,49944
2017,Toyota,Sienna XLE Premium,,49397,35788
2017,Toyota,Camry SE,,46099,19992
2015,Toyota,Camry XLE,,34396,18500
2016,Toyota,Camry SE,,111023,15500
2018,Toyota,RAV4 XLE,,26254,28991
2009,Toyota,Camry Hybrid ,,80916,7995
2018,Toyota,RAV4 XLE,,58888,23595
2014,Toyota,Tacoma Base,,86729,24715
2018,Toyota,Highlander XLE,,32591,35450
2002,Toyota,Sequoia Limited,,131750,9907
2018,Toyota,RAV4 XLE,,36107,27530
2014,Toyota,FJ Cruiser Base,,92624,33999
2010,Toyota,Venza ,,25557,14995
2018,Toyota,RAV4 XLE,,37825,26999
2019,Toyota,Tacoma SR,,57222,26999
2017,Toyota,4Runner Limited,,35772,39999
2019,Toyota,4Runner Limited,,35580,44999
2019,Toyota,Mirai Base,,19279,22950
2016,Toyota,Highlander XLE,,86749,27908
2021,Toyota,RAV4 XLE,,12430,39624
2018,Toyota,RAV4 XLE,,48048,29243
2017,Toyota,Camry SE,,107458,17757
2019,Toyota,Highlander XLE,,19001,41853
2009,Toyota,Camry XLE,,151122,8988
2018,Toyota,RAV4 Limited,,29470,31981
2018,Toyota,RAV4 XLE,,19703,26995
2018,Toyota,RAV4 LE,,39115,26998
2019,Toyota,Corolla SE,,18241,20490
2015,Toyota,Tacoma Base,,37804,37543
2019,Toyota,Camry LE,,58513,24988
2018,Toyota,4Runner Limited,,21605,45991
2018,Toyota,RAV4 XLE,,40754,30000
2018,Toyota,Camry XLE,,63301,24490
2017,Toyota,Camry XLE,,39000,16900
2020,Toyota,Highlander XLE,,15000,41451
2016,Toyota,4Runner Limited,,76054,37991
2017,Toyota,Highlander Limited,,26080,40998
2019,Toyota,RAV4 XLE Premium,,26522,38992
2016,Toyota,Corolla L,,81186,15000
2018,Toyota,RAV4 LE,,30562,26994
2020,Toyota,RAV4 LE,,12906,30864
2018,Toyota,RAV4 XLE,,68672,26431
2017,Toyota,Camry SE,,50271,20987
2019,Toyota,Camry LE,,45225,26392
2018,Toyota,Highlander XLE,,27553,37999
2018,Toyota,Tundra SR5,,31819,46445
2017,Toyota,Highlander XLE,,49867,32500
2019,Toyota,Highlander LE,,42610,31995
2017,Toyota,Camry XLE,,92511,19991
2019,Toyota,Corolla SE,,33179,19996
2017,Toyota,Sienna LE,,118015,20936
2018,Toyota,RAV4 XLE,,18730,28995
2017,Toyota,RAV4 LE,,65109,23244
2015,Toyota,Camry SE,,95230,13788
2019,Toyota,Camry SE,,21501,26715
2015,Toyota,Sienna LE,,33504,26990
2016,Toyota,Sienna XLE,,60378,29446
2019,Toyota,RAV4 Hybrid XSE,,18005,44988
2007,Toyota,RAV4 Base,,205324,5999
2021,Toyota,RAV4 LE,,19374,31000
2018,Toyota,RAV4 LE,,41826,25695
2012,Toyota,Highlander SE,,88929,18422
2017,Toyota,Highlander Limited Platinum,,48174,30899
2021,Toyota,Venza XLE,,13905,38884
2021,Toyota,RAV4 XLE,,11337,38260
2018,Toyota,RAV4 XLE,,14272,29555
2016,Toyota,4Runner Limited,,42510,36988
2021,Toyota,Camry XSE,,22255,39028
2018,Toyota,RAV4 XLE,,15078,30675
2018,Toyota,4Runner Limited,,41131,47790
2016,Toyota,Sienna XLE,,12625,33892
2019,Toyota,Camry XSE,,47781,29525
2020,Toyota,4Runner Limited,,23017,50000
2018,Toyota,RAV4 Hybrid XLE,,45414,29999
2016,Toyota,4Runner Limited,,89672,34992
2021,Toyota,Tundra SR5,,17032,51922
2015,Toyota,4Runner Limited,,50434,38777
2018,Toyota,4Runner Limited,,42778,45991
2018,Toyota,Highlander XLE,,21728,37551
2017,Toyota,RAV4 Limited,,39523,28987
2013,Toyota,Land Cruiser V8,,171661,34000
2018,Toyota,RAV4 XLE,,34595,27616
2020,Toyota,Corolla SE,,13812,25599
2018,Toyota,RAV4 XLE,,82942,26500
2018,Toyota,RAV4 XLE,,39034,28141
2021,Toyota,RAV4 LE,,10969,37985
2019,Toyota,Corolla LE,,10903,26699
2014,Toyota,Tacoma Base,,82031,23412
2015,Toyota,4Runner Limited,,81760,37491
2016,Toyota,4Runner Limited,,66693,34571
2017,Toyota,RAV4 Limited,,34770,29744
2018,Toyota,4Runner Limited,,52538,41781
2019,Toyota,Highlander XLE,,20866,41257
2019,Toyota,Corolla SE,,16784,20908
2018,Toyota,RAV4 XLE,,35862,27228
2018,Toyota,RAV4 Limited,,51096,30500
2016,Toyota,Avalon XLE Premium,,80430,22995
2019,Toyota,C-HR LE,,46575,22601
2018,Toyota,RAV4 XLE,,32624,27495
2018,Toyota,RAV4 LE,,39141,26639
2017,Toyota,RAV4 Hybrid Limited,,62899,28977
2016,Toyota,Tacoma SR5,,96559,25999
2007,Toyota,Prius ,,54168,11975
2014,Toyota,Sienna XLE,,90733,21500
2021,Toyota,Highlander XSE,,7468,47899
2019,Toyota,RAV4 XLE,,27192,35999
2018,Toyota,4Runner Sport,,24344,46637
2020,Toyota,4Runner SR5 Premium,,12289,44990
2019,Toyota,RAV4 Limited,,15236,37492
2020,Toyota,Camry XSE,,11341,34999
2016,Toyota,4Runner Limited,,86366,35800
2018,Toyota,RAV4 XLE,,30397,29658
2021,Toyota,Tacoma TRD Sport,,810,47985
2018,Toyota,RAV4 LE,,42141,28995
2018,Toyota,4Runner TRD Pro,,65627,39950
2008,Toyota,Land Cruiser ,,266178,24545
2018,Toyota,RAV4 LE,,38956,28520
2019,Toyota,C-HR LE,,30671,24854
2018,Toyota,RAV4 LE,,34089,23995
2018,Toyota,Camry ,,69121,21784
2018,Toyota,Highlander LE,,45227,30488
2019,Toyota,Camry XSE,,19625,37900
2017,Toyota,RAV4 Limited,,95322,27421
2018,Toyota,4Runner Limited,,21350,44992
2019,Toyota,Sequoia SR5,,30699,49477
2018,Toyota,RAV4 XLE,,35102,28900
2014,Toyota,Highlander Hybrid Limited,,86098,28490
2018,Toyota,RAV4 XLE,,30352,28540
2020,Toyota,Camry SE,,55463,26681
2019,Toyota,Corolla LE,,47999,21179
2005,Toyota,Highlander Limited,,113605,9495
2017,Toyota,4Runner Limited,,84161,40982
2018,Toyota,4Runner Limited,,13340,49259
2021,Toyota,RAV4 XLE,,14218,37981
2019,Toyota,RAV4 XLE Premium,,25964,37000
2018,Toyota,Highlander XLE,,33473,35990
2019,Toyota,Camry XSE,,14491,33750
2016,Toyota,4Runner Limited,,24384,41990
2021,Toyota,4Runner Limited,,18503,54223
2018,Toyota,RAV4 Limited,,12932,33846
2019,Toyota,4Runner Limited,,24014,47466
2017,Toyota,Tundra 1794,,48983,45995
2021,Toyota,Corolla SE,,16432,25887
2019,Toyota,C-HR LE,,26768,26984
2019,Toyota,4Runner SR5,,23790,44888
2018,Toyota,Highlander XLE,,34292,38311
2019,Toyota,Tundra TRD Pro,,30725,59958
2016,Toyota,4Runner SR5,,70971,32999
2015,Toyota,Tundra SR5,,60565,34818
2019,Toyota,C-HR LE,,33656,23588
2017,Toyota,Highlander XLE,,62166,34999
2016,Toyota,RAV4 Hybrid Limited,,44318,28499
2020,Toyota,Corolla LE,,15885,22982
2017,Toyota,Prius Two,,53569,24998
2021,Toyota,Corolla LE,,15768,24124
2008,Toyota,Sienna XLE,,116025,9890
2007,Toyota,Prius ,,77920,10975
2021,Toyota,Tundra SR5,,16429,52480
2009,Toyota,Corolla LE,,47781,11997
2021,Toyota,Supra 3.0,,12615,58942
2020,Toyota,Corolla LE,,49113,20389
2017,Toyota,4Runner Limited,,43402,41996
2019,Toyota,Camry LE,,76908,19977
2017,Toyota,RAV4 Hybrid Limited,,31804,31688
2020,Toyota,Camry XSE,,19065,34900
2004,Toyota,Highlander ,,242684,6600
2018,Toyota,RAV4 XLE,,31417,29988
2018,Toyota,RAV4 XLE,,36881,24995
2018,Toyota,Highlander Hybrid XLE,,81197,36998
2019,Toyota,4Runner SR5,,19407,40795
2017,Toyota,4Runner Limited,,60069,39708
2018,Toyota,RAV4 LE,,48850,27000
2021,Toyota,Tacoma TRD Sport,,4613,49795
2018,Toyota,4Runner Limited,,37173,45991
2019,Toyota,4Runner Limited,,49674,41467
2019,Toyota,C-HR ,,23250,28308
2014,Toyota,Prius Two,,136362,11488
2018,Toyota,RAV4 XLE,,18503,28139
2018,Toyota,RAV4 Limited,,33460,29800
2017,Toyota,Corolla LE,,36961,20167
2019,Toyota,Highlander XLE,,26826,41131
2019,Toyota,Highlander XLE,,46602,37993
2015,Toyota,Tacoma PreRunner,,87826,24995
2019,Toyota,Camry LE,,21252,24991
2019,Toyota,Highlander XLE,,18315,40890
2019,Toyota,C-HR LE,,19229,24999
2018,Toyota,RAV4 XLE,,17703,25999
2020,Toyota,Tundra SR5,,20103,47999
2019,Toyota,Camry XSE,,26409,28999
2011,Toyota,Tundra Grade,,80111,28999
2018,Toyota,Tacoma SR5,,32581,39392
2018,Toyota,RAV4 XLE,,18761,27491
2018,Toyota,RAV4 XLE,,21902,29282
2007,Toyota,Sequoia SR5,,155375,10995
2018,Toyota,RAV4 XLE,,62638,24888
2020,Toyota,4Runner Limited,,15637,45995
2020,Toyota,Corolla LE,,33976,21500
2018,Toyota,RAV4 LE,,34433,24980
2018,Toyota,Highlander XLE,,27271,34000
2018,Toyota,RAV4 Hybrid Limited,,62669,24998
2020,Toyota,Camry SE,,17337,32477
2018,Toyota,4Runner SR5 Premium,,37448,46941
2019,Toyota,Sequoia TRD Sport,,24674,58369
2019,Toyota,C-HR LE,,16511,23995
2019,Toyota,RAV4 Hybrid XSE,,46425,37500
2020,Toyota,RAV4 LE,,36981,30555
2018,Toyota,C-HR XLE,,31558,28991
2021,Toyota,RAV4 XLE Premium,,10058,40247
2019,Toyota,RAV4 XLE,,28321,32645
2019,Toyota,RAV4 XLE,,46420,30374
2018,Toyota,RAV4 LE,,26770,30998
2018,Toyota,Tundra Limited,,16659,50598
2016,Toyota,4Runner Limited,,44834,42991
2019,Toyota,Highlander XLE,,36003,42333
2016,Toyota,Highlander XLE,,84440,28500
2021,Toyota,RAV4 LE,,2881,34455
2017,Toyota,Corolla LE,,37043,19490
2017,Toyota,4Runner Limited,,82497,38000
2017,Toyota,Highlander XLE,,82756,30328
2021,Toyota,Camry XSE,,21935,37688
2014,Toyota,Avalon XLE,,74421,18994
2017,Toyota,RAV4 Limited,,75057,24398
2016,Toyota,Highlander Limited,,50925,32419
2018,Toyota,RAV4 LE,,30741,27590
2016,Toyota,Camry SE,,69264,14499
2019,Toyota,Highlander LE,,17781,34623
2018,Toyota,RAV4 XLE,,31813,30896
2017,Toyota,4Runner SR5,,85241,36588
2018,Toyota,RAV4 XLE,,38919,28739
2018,Toyota,RAV4 LE,,14657,25900
2014,Toyota,Tacoma Base,,119564,14995
2016,Toyota,Highlander XLE,,67152,28995
2015,Toyota,4Runner SR5,,43722,33991
2017,Toyota,Camry SE,,4832,20997
2020,Toyota,Camry SE,,17289,27951
2021,Toyota,4Runner SR5,,15362,39999
2018,Toyota,RAV4 XLE,,39194,27495
2018,Toyota,RAV4 XLE,,46101,25989
2018,Toyota,4Runner SR5 Premium,,38703,38990
2021,Toyota,RAV4 XLE,,11040,36874
2020,Toyota,Tundra SR5,,18679,56785
2017,Toyota,RAV4 XLE,,45947,26978
2019,Toyota,Camry XSE,,21334,34888
2015,Toyota,Highlander LE,,139977,19591
2018,Toyota,RAV4 XLE,,31863,28995
2021,Toyota,Highlander Hybrid Platinum,,11342,57998
2017,Toyota,Corolla LE,,37264,20990
2015,Toyota,RAV4 LE,,17782,21487
2020,Toyota,RAV4 XLE,,39303,33495
2019,Toyota,Corolla LE,,10825,17990
2019,Toyota,Highlander Limited Platinum,,35717,42302
2019,Toyota,RAV4 XLE,,53012,29995
2018,Toyota,Camry XLE,,111001,21982
2020,Toyota,RAV4 LE,,11310,34888
2019,Toyota,Camry XSE,,27123,32505
2017,Toyota,4Runner Limited,,47077,44376
2018,Toyota,Highlander XLE,,42106,34985
2018,Toyota,Highlander LE Plus,,32293,37981
2018,Toyota,4Runner Limited,,33122,46690
2008,Toyota,Sequoia Limited,,258855,9995
2019,Toyota,Camry LE,,15390,27100
2018,Toyota,RAV4 XLE,,29556,25699
2015,Toyota,RAV4 XLE,,30710,21490
2005,Toyota,Highlander Limited,,99525,9195
2020,Toyota,Camry SE,,17498,28616
2016,Toyota,Tundra SR5,,71731,34391
2018,Toyota,RAV4 LE,,45016,25348
2017,Toyota,RAV4 SE,,47874,27000
2016,Toyota,Avalon XLE Premium,,45334,24991
2020,Toyota,4Runner Limited,,16162,62997
2016,Toyota,Camry SE,,115431,16500
2018,Toyota,RAV4 LE,,19748,26989
2018,Toyota,RAV4 XLE,,41373,28000
2017,Toyota,Tundra SR5,,64272,39807
2019,Toyota,Tundra SR5,,34419,43900
2018,Toyota,RAV4 XLE,,38569,27691
2019,Toyota,Highlander LE,,16387,34450
2018,Toyota,RAV4 LE,,84553,22490
2019,Toyota,C-HR LE,,64759,24488
2021,Toyota,Highlander XSE,,3443,47899
2017,Toyota,RAV4 XLE,,55865,21995
2019,Toyota,Camry LE,,47751,25890
2019,Toyota,C-HR LE,,14055,24452
2021,Toyota,RAV4 LE,,16405,30720
2016,Toyota,Prius Three,,39185,27588
2019,Toyota,RAV4 XLE,,46819,31941
2020,Toyota,C-HR LE,,12553,29700
2016,Toyota,Corolla LE,,36872,14880
2019,Toyota,Sequoia SR5,,66251,45989
2017,Toyota,Camry SE,,58679,12995
2018,Toyota,Tundra 1794,,34046,49980
2017,Toyota,Highlander Limited,,25138,35992
2020,Toyota,Tundra SR5,,16255,45225
2019,Toyota,RAV4 XLE,,19618,30599
2018,Toyota,RAV4 XLE,,23076,30000
2013,Toyota,Prius v Three,,131350,9995
2019,Toyota,Tundra TRD Pro,,41839,54695
2017,Toyota,Highlander Limited,,58400,35048
2018,Toyota,Tacoma SR5,,41173,45000
2017,Toyota,4Runner Limited,,65052,37391
2018,Toyota,RAV4 LE,,31885,25989
2016,Toyota,Corolla LE Plus,,74989,14994
2018,Toyota,RAV4 Limited,,35215,29799
2019,Toyota,Highlander XLE,,17570,38989
2019,Toyota,Highlander Hybrid XLE,,26814,42974
2019,Toyota,4Runner Limited,,88026,38959
2020,Toyota,Tacoma TRD Sport,,22329,44333
2018,Toyota,Highlander XLE,,15693,40211
2015,Toyota,Sequoia Platinum,,87514,38590
2018,Toyota,RAV4 LE,,32883,25500
2019,Toyota,Camry SE,,13033,29990
2017,Toyota,Camry XLE,,35376,22495
2019,Toyota,Highlander LE,,34446,30957
2018,Toyota,RAV4 LE,,32738,27988
2018,Toyota,RAV4 LE,,22423,29637
2018,Toyota,4Runner Limited 4WD,,85280,41950
2017,Toyota,Camry SE,,191504,13981
2019,Toyota,Camry XSE,,40152,30522
2017,Toyota,RAV4 LE,,61144,22887
2020,Toyota,Camry XSE,,17437,34500
2015,Toyota,Highlander Limited Platinum,,87893,29350
2019,Toyota,Camry LE,,85227,22896
2019,Toyota,Corolla LE,,49160,19269
2021,Toyota,Camry XSE,,18524,36188
2021,Toyota,4Runner Nightshade,,3788,53991
2018,Toyota,Highlander XLE,,23945,36500
2019,Toyota,Highlander XLE,,18325,41603
2019,Toyota,Highlander Hybrid Limited Platinum,,19816,49501
2015,Toyota,RAV4 Limited,,140873,18491
2016,Toyota,4Runner Limited,,73999,31438
2018,Toyota,Prius Prime Advanced,,48627,28498
2020,Toyota,4Runner Limited,,10732,56550
2011,Toyota,Tacoma Access Cab,,42038,20000
2004,Toyota,Camry LE,,89370,7994
2019,Toyota,Tundra SR5,,11159,42995
2016,Toyota,4Runner Limited,,69359,35274
2018,Toyota,RAV4 XLE,,34046,28959
2019,Toyota,4Runner Limited,,30408,46490
2016,Toyota,Highlander XLE,,44971,35950
2019,Toyota,4Runner Limited,,39136,44391
2019,Toyota,Camry LE,,58667,26670
2018,Toyota,RAV4 SE,,41779,29299
2020,Toyota,RAV4 LE,,45251,29575
2018,Toyota,RAV4 LE,,66623,28977
2020,Toyota,Corolla LE,,32207,19000
2020,Toyota,RAV4 LE,,18273,32000
2018,Toyota,RAV4 XLE,,29890,28900
2014,Toyota,Tacoma PreRunner,,53214,29582
2021,Toyota,Corolla LE,,13817,23015
2018,Toyota,RAV4 LE,,34413,27347
2019,Toyota,Corolla LE,,102003,13999
2019,Toyota,Camry LE,,53529,24988
2018,Toyota,Corolla SE,,34417,19978
2019,Toyota,Highlander XLE,,45134,38480
2018,Toyota,RAV4 XLE,,19169,27979
2018,Toyota,Tacoma SR5,,44526,34830
2017,Toyota,RAV4 Limited,,44094,29263
2019,Toyota,Camry XSE,,49815,31368
2018,Toyota,RAV4 XLE,,34209,27998
2019,Toyota,4Runner SR5,,44601,39228
2018,Toyota,RAV4 LE,,31650,24889
2017,Toyota,4Runner Limited,,36361,41894
2012,Toyota,RAV4 Sport,,90295,14491
2018,Toyota,RAV4 XLE,,56348,27383
2018,Toyota,RAV4 XLE,,16766,27595
2018,Toyota,RAV4 LE,,34482,26909
2018,Toyota,4Runner SR5,,39009,40995
2016,Toyota,Prius Two Eco,,58013,20499
2021,Toyota,Corolla LE,,46960,20594
2018,Toyota,Tundra Limited,,23091,18800
2009,Toyota,Camry XLE,,88145,9978
2019,Toyota,Highlander Hybrid XLE,,15196,44787
2009,Toyota,Highlander Hybrid Limited,,163184,13500
2019,Toyota,Highlander XLE,,30163,41900
2019,Toyota,4Runner Limited,,41753,45998
2019,Toyota,Camry SE,,29676,25985
2013,Toyota,Highlander Limited,,99251,21990
2007,Toyota,4Runner Sport,,178971,14949
2021,Toyota,RAV4 XLE Premium,,11700,37985
2018,Toyota,Highlander LE,,92625,24991
2019,Toyota,Corolla LE,,49865,19890
2018,Toyota,RAV4 Hybrid Limited,,22940,33991
2018,Toyota,RAV4 LE,,39426,25800
2018,Toyota,RAV4 Limited,,32418,30916
2018,Toyota,RAV4 LE,,30536,26848
2015,Toyota,Highlander Limited Platinum,,80079,31000
2019,Toyota,Camry SE,,32262,29948
2017,Toyota,4Runner Limited,,78236,39795
2000,Toyota,4Runner ,,120392,11995
2019,Toyota,Camry XLE,,25694,28991
2016,Toyota,4Runner SR5,,63439,30996
2020,Toyota,Tundra SR5,,19901,45777
2016,Toyota,Highlander XLE,,107847,27881
2018,Toyota,Highlander XLE,,22548,36094
2019,Toyota,4Runner Limited,,15543,47000
2016,Toyota,Camry SE,,78651,16900
2019,Toyota,Corolla LE,,45239,19499
2008,Toyota,Tundra Limited,,103215,23999
2020,Toyota,Tacoma SR,,17699,35312
2017,Toyota,Prius Two,,127649,13995
2005,Toyota,Highlander Limited,,142697,7995
2018,Toyota,RAV4 AWD XLE,,56779,29990
2008,Toyota,RAV4 Base,,148737,7990
2021,Toyota,RAV4 XLE,,12180,36177
2013,Toyota,Corolla LE,,17333,13990
2020,Toyota,Highlander XLE,,11216,42819
2020,Toyota,Camry SE,,11543,28990
2018,Toyota,4Runner Limited,,70603,39049
2021,Toyota,Camry XSE,,22984,36188
2019,Toyota,Camry XSE,,18389,31999
2018,Toyota,RAV4 XLE,,45418,28595
2016,Toyota,Highlander XLE,,116524,24874
2016,Toyota,Highlander XLE,,49380,35991
2019,Toyota,Tundra Platinum,,50278,48989
2016,Toyota,Tacoma SR5,,59183,30452
2018,Toyota,Prius Two,,83739,18446
2020,Toyota,Corolla LE,,21836,23901
2018,Toyota,RAV4 XLE,,30913,26929
2020,Toyota,4Runner SR5,,44043,40492
2020,Toyota,Land Cruiser Base,,23597,96626
2018,Toyota,Highlander XLE,,47887,35121
2021,Toyota,Supra 3.0 Premium,,3416,59981
2018,Toyota,RAV4 LE,,24652,24996
2016,Toyota,Highlander XLE,,112688,25997
2019,Toyota,Camry SE,,32063,29400
2019,Toyota,Corolla LE,,49518,19915
2014,Toyota,4Runner Limited,,87134,31488
2017,Toyota,Corolla L,,54300,13999
2020,Toyota,Sienna XLE,,19324,33966
2019,Toyota,Highlander XLE,,30611,36085
2020,Toyota,Tundra SR5,,48257,36398
2019,Toyota,Corolla SE,,32127,21000
2018,Toyota,RAV4 LE,,36117,27975
2021,Toyota,RAV4 LE,,13365,32934
2019,Toyota,Camry LE,,11131,27997
2018,Toyota,Highlander LE Plus,,19499,33999
2019,Toyota,Highlander LE,,63950,27998
2017,Toyota,Highlander XLE,,43314,35126
2018,Toyota,RAV4 LE,,74712,22492
2014,Toyota,Sienna XLE,,116822,19524
2019,Toyota,Corolla LE,,36604,19999
2017,Toyota,Camry XLE,,19949,27000
2016,Toyota,Prius Four,,88677,18988
2018,Toyota,4Runner Limited,,23882,43546
2019,Toyota,RAV4 Limited,,13300,35960
2018,Toyota,RAV4 LE,,35870,25168
2019,Toyota,Highlander XLE,,18143,36699
2019,Toyota,Prius L,,25660,27558
2016,Toyota,RAV4 Limited,,45501,25388
2018,Toyota,RAV4 XLE,,31696,27724
2019,Toyota,RAV4 XLE Premium,,12341,36788
2018,Toyota,RAV4 XLE,,19529,30750
2017,Toyota,Camry XLE,,40296,22279
2020,Toyota,RAV4 LE,,19048,35991
2019,Toyota,Highlander LE,,34383,32398
2019,Toyota,Camry L,,38175,26995
2020,Toyota,Camry SE,,17968,27393
2019,Toyota,Camry XSE,,31100,35981
2020,Toyota,Corolla LE,,49911,21400
2018,Toyota,RAV4 XLE,,32919,28000
2018,Toyota,RAV4 XLE,,33213,24298
2019,Toyota,RAV4 Limited,,23521,38588
2018,Toyota,RAV4 Limited,,38732,28947
2013,Toyota,Prius Two,,105511,13000
2019,Toyota,4Runner SR5 Premium,,43805,43549
2020,Toyota,4Runner Limited,,14643,48491
2018,Toyota,Camry SE,,76652,20498
2019,Toyota,Corolla SE,,42567,19947
2017,Toyota,Highlander XLE,,22779,33987
2019,Toyota,C-HR LE,,35150,23995
2018,Toyota,RAV4 LE,,47349,26878
2015,Toyota,Sequoia Platinum,,83694,40828
2018,Toyota,4Runner Limited,,66746,40895
2020,Toyota,Tacoma TRD Off Road,,18087,23950
2018,Toyota,Highlander Hybrid Limited,,45971,41475
2021,Toyota,Corolla LE,,21054,25313
2018,Toyota,RAV4 LE,,24408,26987
2016,Toyota,Highlander XLE,,111450,26250
2017,Toyota,Tacoma SR,,34269,30140
2018,Toyota,C-HR XLE,,49572,22795
2019,Toyota,4Runner Sport,,32565,49888
2009,Toyota,Prius Touring,,101296,6995
2019,Toyota,Camry SE,,42024,25910
2021,Toyota,Corolla LE,,11866,25998
2018,Toyota,RAV4 XLE,,45467,26989
2018,Toyota,4Runner TRD Off Road Premium,,40090,40991
2018,Toyota,C-HR XLE,,64101,20950
2020,Toyota,Highlander XLE,,48525,41467
2019,Toyota,Tundra SR5,,17518,48200
2018,Toyota,RAV4 XLE,,19877,30000
2017,Toyota,Prius Prime Advanced,,34386,30999
2019,Toyota,Camry LE,,49722,23409
2019,Toyota,Highlander Limited,,55558,38397
2021,Toyota,RAV4 XLE,,14226,33757
2018,Toyota,RAV4 LE,,14861,26900
2019,Toyota,Highlander LE,,14714,36887
2018,Toyota,4Runner Limited,,92372,43400
2020,Toyota,Corolla LE,,43018,21257
2016,Toyota,Highlander Limited,,81723,27500
2019,Toyota,RAV4 XLE,,14733,32880
2018,Toyota,C-HR XLE,,47750,22289
2020,Toyota,Camry SE,,33042,26982
2012,Toyota,4Runner Limited,,63233,28999
2019,Toyota,C-HR XLE,,17280,25999
2021,Toyota,RAV4 XLE,,39045,33991
2020,Toyota,Corolla LE,,89841,17699
2021,Toyota,RAV4 LE,,15017,32932
2018,Toyota,4Runner Limited,,47455,47097
2018,Toyota,RAV4 XLE,,35007,30992
2018,Toyota,RAV4 XLE,,57983,26250
2018,Toyota,RAV4 XLE,,35774,29989
2018,Toyota,RAV4 XLE,,31410,30550
2018,Toyota,4Runner Limited,,48843,43998
2014,Toyota,Sienna XLE,,64150,25998
2020,Toyota,Sienna XLE,,29822,41914
2020,Toyota,Tundra SR5,,19268,41469
2018,Toyota,RAV4 LE,,30724,24139
2020,Toyota,RAV4 XLE,,43626,37600
2019,Toyota,4Runner TRD Off Road Premium,,24185,49498
2018,Toyota,Highlander ,,36459,40995
2019,Toyota,Tacoma SR,,38043,33812
2017,Toyota,Sienna XLE,,89771,27974
2020,Toyota,Tacoma TRD Sport,,33457,41391
2018,Toyota,4Runner Limited,,37897,40824
2019,Toyota,C-HR LE,,20330,23795
2019,Toyota,Corolla LE,,72889,19885
2018,Toyota,RAV4 XLE,,81262,22995
2015,Toyota,RAV4 Limited,,57793,20494
2020,Toyota,Camry XSE,,23853,34740
2018,Toyota,RAV4 XLE,,10088,27710
1998,Toyota,Camry XLE,,119149,3998
2003,Toyota,Avalon XLS,,114747,4500
2018,Toyota,Highlander LE,,32641,30000
2009,Toyota,Tacoma Access Cab,,101206,18000
2019,Toyota,Highlander LE,,31165,32578
2019,Toyota,Corolla SE,,42682,23517
2017,Toyota,RAV4 XLE,,15907,31975
2020,Toyota,RAV4 XLE,,19576,31977
2019,Toyota,C-HR LE,,34113,23872
2019,Toyota,Sienna Limited Premium,,35450,40844
2019,Toyota,RAV4 XLE,,10843,34500
2020,Toyota,Corolla LE,,43635,20579
2020,Toyota,Corolla LE,,42566,21139
2018,Toyota,Avalon XLE Premium,,59621,24900
2020,Toyota,Highlander XLE,,16152,43981
2020,Toyota,RAV4 XLE,,17392,36400
2019,Toyota,Sienna XLE,,39093,40389
2019,Toyota,Highlander XLE,,38976,39500
2020,Toyota,Camry XSE,,21836,35447
2004,Toyota,Sequoia Limited,,145111,8495
2005,Toyota,RAV4 ,,115535,7994
2013,Toyota,Avalon Hybrid XLE Touring,,79401,16900
2017,Toyota,Corolla L,,66664,16999
2018,Toyota,4Runner Limited,,50723,41442
2019,Toyota,4Runner Limited,,48160,49981
2021,Toyota,Highlander XSE,,19995,45995
2018,Toyota,RAV4 LE,,38453,25500
2017,Toyota,Corolla LE,,61067,16995
2018,Toyota,RAV4 LE,,37514,26882
2020,Toyota,Highlander XLE,,17391,42999
2020,Toyota,4Runner SR5 Premium,,15656,43990
2020,Toyota,Camry SE,,1000,26986
2018,Toyota,RAV4 XLE,,65970,29887
2006,Toyota,Avalon Touring,,83497,9994
2019,Toyota,RAV4 XLE Premium,,17918,34900
2017,Toyota,Corolla LE,,23261,17995
2020,Toyota,Highlander XLE,,33356,43988
2019,Toyota,C-HR LE,,19296,26875
2018,Toyota,RAV4 XLE,,30317,29995
2018,Toyota,RAV4 XLE,,34983,28995
2019,Toyota,Tundra SR5,,42289,45226
2018,Toyota,RAV4 LE,,34695,27994
2021,Toyota,Camry XSE,,25906,39697
2019,Toyota,Corolla L,,23851,19895
2009,Toyota,Corolla LE,,39260,11994
2018,Toyota,RAV4 XLE,,41688,28471
2019,Toyota,Corolla L,,22487,19200
2014,Toyota,Tacoma Base,,84944,21352
2019,Toyota,Camry LE,,23701,26995
2018,Toyota,Tundra SR5,,36204,44989
2019,Toyota,C-HR LE,,22053,22989
2020,Toyota,RAV4 LE,,10339,32982
2020,Toyota,Corolla LE,,15740,22995
2019,Toyota,4Runner SR5,,42730,42144
2018,Toyota,RAV4 LE,,25973,26251
2019,Toyota,Highlander XLE,,15088,39768
2015,Toyota,RAV4 Limited,,70652,22666
2018,Toyota,RAV4 XLE,,13430,29474
2020,Toyota,Camry SE,,11668,30000
2018,Toyota,4Runner Limited,,28236,41992
2018,Toyota,RAV4 LE,,82928,21393
2018,Toyota,RAV4 XLE,,36697,28977
2021,Toyota,RAV4 LE,,10005,34993
2021,Toyota,Corolla LE,,13595,22928
2019,Toyota,4Runner TRD Pro,,19009,60382
2019,Toyota,Camry SE,,13025,27499
2016,Toyota,4Runner Limited,,56727,37900
2018,Toyota,RAV4 XLE,,38904,26191
2017,Toyota,Tundra 1794,,80815,41250
2018,Toyota,RAV4 LE,,37610,27500
2019,Toyota,C-HR XLE,,47134,24209
2020,Toyota,Corolla LE,,41321,20939
2017,Toyota,Sienna XLE,,88570,27985
2016,Toyota,4Runner Limited,,35865,39841
2018,Toyota,RAV4 XLE,,11750,26495
2020,Toyota,RAV4 LE,,15667,31994
2019,Toyota,4Runner SR5,,44884,41498
2020,Toyota,Tundra SR5,,19672,42992
2017,Toyota,Sienna Limited Premium,,85823,29999
2020,Toyota,4Runner SR5,,16494,44777
2018,Toyota,4Runner Limited,,38204,45488
2019,Toyota,Land Cruiser V8,,31529,93935
2013,Toyota,Highlander SE,,89798,21251
2018,Toyota,RAV4 LE,,33064,27139
2020,Toyota,Camry LE,,38170,24600
2015,Toyota,Highlander Limited,,56981,31491
2020,Toyota,RAV4 LE,,14708,32927
2018,Toyota,RAV4 LE,,24160,28975
2015,Toyota,Highlander XLE,,152865,22450
2021,Toyota,Corolla LE,,11134,25000
2019,Toyota,RAV4 Hybrid XLE,,11872,36981
2010,Toyota,Prius IV,,190884,7995
2000,Toyota,4Runner SR5,,145199,15995
2019,Toyota,Corolla LE,,23814,19989
2007,Toyota,Matrix ,,74132,8000
